query_id,exact_query,platform_or_search_surface,date_executed,result_count_observed_if_available,sources_reviewed,useful_sources_retained,notes
QE001,"site:reddit.com Zepto pet care buy pet food delivery experience",Web search,2026-07-19,Not available,1,1,"Search also surfaced cross-category S004; no relevant pet-care candidate retained"
QE002,"site:reddit.com Zepto baby care diapers order experience",Web search,2026-07-19,Not available,1,1,"Retained S003"
QE003,"site:reddit.com Zepto personal care skincare buy experience",Web search,2026-07-19,Not available,0,0,"No candidate page inspected from this result set"
QE004,"Zepto app reviews product selection groceries categories",Web search,2026-07-19,Not available,2,1,"Reviewed S001 and S002; excluded S002"
QE005,"site:reddit.com Blinkit pet food order experience pet store",Web search,2026-07-19,Not available,0,0,"No policy-suitable category-behavior candidate selected"
QE006,"site:reddit.com Blinkit skincare cosmetics order experience",Web search,2026-07-19,Not available,2,1,"Reviewed S005 and S006; excluded S006 as duplicative and shallow"
QE007,"site:reddit.com Instamart baby diapers order experience",Web search,2026-07-19,Not available,0,0,"No candidate page inspected from this result set"
QE008,"site:reddit.com quick commerce urgent electronics purchase Blinkit Zepto experience",Web search,2026-07-19,Not available,0,0,"No standalone candidate selected; urgent non-grocery behavior was retained from S004"
QE009,"site:trustpilot.com/reviews ""whey protein"" ""Zepto""",Web search,2026-07-19,Not available,1,1,"Reviewed S009 aggregate page; retained one independent review as E008"
QE010,"site:trustpilot.com/reviews ""first time ordering fruits"" Zepto",Web search,2026-07-19,Not available,1,1,"Reviewed S009 aggregate page; retained one independent review as E009"
QE011,"site:trustpilot.com/reviews ""ordered a face wash"" Zepto",Web search,2026-07-19,Not available,1,1,"Reviewed S009 aggregate page; retained one independent review as E010"
QE012,diaper,"Find within Trustpilot Zepto review page",2026-07-19,Not available,1,0,"No match"
QE013,medicine,"Find within Trustpilot Zepto review page",2026-07-19,Not available,1,0,"No match"
QE014,electronics,"Find within Trustpilot Zepto review page",2026-07-19,Not available,1,0,"Match concerned site classification rather than category behavior"
QE015,baby,"Find within Trustpilot Zepto review page",2026-07-19,Not available,1,0,"No match"
QE016,"Blinkit Google Play reviews skincare medicine product authenticity",Web search,2026-07-19,Not available,0,0,"No candidate page inspected; results did not add needed behavioral context"
QE017,"Zepto Apple App Store reviews product quality category",Web search,2026-07-19,Not available,1,1,"Retained S007"
QE018,"site:reddit.com Zepto whey protein order genuine",Web search,2026-07-19,Not available,1,1,"Retained S008"
QE019,"site:reddit.com Zepto fruits first time order",Web search,2026-07-19,Not available,0,0,"No additional candidate selected; S009 already covered explicit first fruit-category purchase"
