source_id,source_url,source_title,source_type,platform,publication_date,capture_date,category_group,access_status,policy_status,applicability,transfer_rationale,review_status,notes
S001,https://play.google.com/store/apps/details?hl=en&id=com.zeptoconsumerapp,"Zepto Google Play review: cart item limits",App-store review,Google Play,2026-04-10,2026-07-19,Cross-category,"Public without login","Included; minimal excerpt only",Zepto-direct,"Explicit Zepto cart behavior; category identity and new/dormant status are not stated",Retained,"One atomic item retained; author identity omitted"
S002,https://www.reddit.com/r/zepto/comments/1ncgaol,"Why doesn't Zepto have a Sort or Discount Filter?",Public community thread,Reddit,2025-09-09,2026-07-19,Cross-category,"Public without login","Excluded after review","Not assigned — excluded","No transfer assessment because source did not meet the category-behavior retention rule",Excluded,"Generic sorting friction with no category-expansion decision or outcome"
S003,https://www.reddit.com/r/FuckZepto/comments/1uf638k/torn_packaging_of_baby_diapers/,"Torn packaging of baby diapers",Public community thread,Reddit,2026-06-25,2026-07-19,Baby care,"Public without login","Included; minimal excerpt only",Zepto-direct,"Explicit Zepto baby-care purchase and stated future channel behavior",Retained,"Urgency inferred from waiting context; no personal or child details stored"
S004,https://www.reddit.com/r/FuckZepto/comments/1tulfni/working_at_a_zepto_dark_store_made_me_stop_using/,"Working at a Zepto dark store made me stop using Zepto",Public community thread,Reddit,,2026-07-19,Cross-category / Other,"Public without login","Included selectively; unverified operational claims not treated as facts","Multiple; see evidence items","Thread is Zepto-specific but retained shopper comment generalizes across quick-commerce platforms",Retained,"Only shopper behavior retained; author identities and unverified warehouse allegations excluded"
S005,https://www.reddit.com/r/FuckBlinkit/comments/1q05aiz/are_skincare_products_genuine_on_blinkit/,"Are skincare products genuine on Blinkit?",Public community thread,Reddit,2025-12-31,2026-07-19,Personal care,"Public without login","Included; minimal excerpts only",Quick-commerce transferable,"Blinkit-specific authenticity and channel-choice mechanism may transfer to Zepto but is not Zepto-user evidence",Retained,"Both concern and contrary successful-purchase evidence retained"
S006,https://www.reddit.com/r/blinkit/comments/1s65vup/can_i_trust_blinkit_for_skincare_products/,"Can I trust Blinkit for skincare products?",Public community thread,Reddit,2026-03-28,2026-07-19,Personal care,"Public without login","Excluded after review","Not assigned — excluded","No transfer assessment because richer overlapping evidence was already retained",Excluded,"Duplicative of S005; most replies lack decision context or outcome"
S007,https://apps.apple.com/gb/app/zepto-groceries-in-minutes/id1575323645?platform=iphone&see-all=reviews,"Zepto App Store review: no return policy",App-store review,Apple App Store,2025-12-28,2026-07-19,Other / Home and kitchen,"Public without login","Included; minimal excerpt only",Zepto-direct,"Explicit Zepto first-week purchase and subsequent platform switch; durable category is outside the starter taxonomy",Retained,"Useful category-boundary case; author identity omitted"
S008,https://www.reddit.com/r/Fitness_India/comments/1msi6sf/is_it_safe_to_buy_protien_from_zepto/,"Is it safe to buy protein from Zepto?",Public community thread,Reddit,,2026-07-19,Health and wellness,"Public without login","Included; minimal excerpt only",Zepto-direct,"Explicit Zepto consideration; comments describe alternative channels and mixed prior outcomes",Retained,"Publication date visible only as relative age; medical claims and personal health comments excluded"
S009,https://www.trustpilot.com/review/www.zepto.com,"Zepto public customer reviews",Consumer-review platform,Trustpilot,,2026-07-19,"Health and wellness / Fresh produce / Personal care","Public without login","Included selectively; minimal excerpts only",Zepto-direct,"Selected reviews explicitly describe Zepto category purchases and stated post-purchase behavior",Retained,"Three independent reviews retained; reviewer and support-agent names omitted; page is strongly negative-skewed"
