evidence_id,source_id,source_url,source_type,platform,publication_date,capture_date,category_group,shopping_mission,neutral_paraphrase,minimal_permitted_excerpt,behavioral_codes,interpretation_certainty,outcome_if_stated,applicability,transfer_rationale,evidence_valence,reviewer_status,notes_or_limitations
E001,S001,https://play.google.com/store/apps/details?hl=en&id=com.zeptoconsumerapp,App-store review,Google Play,2026-04-10,2026-07-19,Cross-category,"Planned basket; exact mission unknown","A Zepto reviewer reported that item limits removed products from the cart and prevented ordering certain items.","some items it just doesn't let me add","Barrier; Category consideration; Outcome",Explicit,"Could not order certain items; considered uninstalling",Zepto-direct,"Direct report of Zepto cart behavior; category identity and new/dormant status are not stated",boundary case,"Retained — needs human review","Relevant as platform purchase friction only; cannot infer category expansion or prevalence"
E002,S003,https://www.reddit.com/r/FuckZepto/comments/1uf638k/torn_packaging_of_baby_diapers/,Public community thread,Reddit,2026-06-25,2026-07-19,Baby care,"Urgent replenishment; inferred from waiting context","A commenter reported switching from Blinkit to Zepto for diapers, receiving torn and dirty packaging, and deciding not to order diapers from Zepto again.","never ordering diapers from zepto","Trigger; Perceived risk; Trust signal; Outcome; Experiment behavior",Explicit,"Used the available product after waiting and stated no future Zepto diaper orders",Zepto-direct,"Explicit Zepto baby-care purchase and stated future channel behavior",confirming,"Retained — needs human review","Urgency is inferred; single self-report; no personal or child details retained"
E003,S004,https://www.reddit.com/r/FuckZepto/comments/1tulfni/working_at_a_zepto_dark_store_made_me_stop_using/,Public community thread,Reddit,,2026-07-19,Other / Cross-category,Urgent top-up,"A commenter said they avoid groceries across quick-commerce services because of hygiene concerns but use those services rarely for urgent clothing or electronics needs.","only for some urgent needs like emergency clothing","Shopping mission; Mental model; Perceived risk; Category consideration; Outcome",Explicit,"Rare urgent non-grocery purchase; grocery category avoided",Quick-commerce transferable,"The comment names Zepto with other quick-commerce services and describes a cross-platform mechanism; it is not direct Zepto-only behavior",boundary case,"Retained — needs human review","Useful counter-pattern to a grocery-only platform mental model; publication date was visible only relatively"
E004,S005,https://www.reddit.com/r/FuckBlinkit/comments/1q05aiz/are_skincare_products_genuine_on_blinkit/,Public community thread,Reddit,2025-12-31,2026-07-19,Personal care,Routine replenishment,"A Blinkit skincare buyer said low price and speed supported prior purchases, but counterfeit concerns led them to consider switching to the brand website.","should I stop buying products from Blinkit?","Decision criterion; Information need; Trust signal; Perceived risk; Workaround; Category consideration",Explicit,"Decision pending; original brand website considered",Quick-commerce transferable,"Authenticity-driven channel reconsideration may transfer to Zepto personal care, but this is Blinkit behavior",confirming,"Retained — needs human review","Concern was prompted by other Reddit reviews; no product authenticity claim is treated as fact"
E005,S005,https://www.reddit.com/r/FuckBlinkit/comments/1q05aiz/are_skincare_products_genuine_on_blinkit/,Public community thread,Reddit,2026-01-02,2026-07-19,Personal care,Routine replenishment,"Other commenters reported receiving genuine skincare or makeup from Blinkit, and the original poster acknowledged similar prior outcomes.","I have ordered some skincare and makeup and they have been legit.","Trust signal; Outcome; Habit; Experiment behavior",Explicit,"Successful purchases reported; continued purchase remained plausible",Quick-commerce transferable,"Positive Blinkit purchase reports provide a countercase to authenticity concern but are not Zepto-user evidence",opposing,"Retained — needs human review","Multiple comments summarized as a boundary pattern; excerpt is from one comment; authenticity is self-reported"
E006,S007,https://apps.apple.com/gb/app/zepto-groceries-in-minutes/id1575323645?platform=iphone&see-all=reviews,App-store review,Apple App Store,2025-12-28,2026-07-19,Other / Home and kitchen,"Lifecycle change / planned stock-up","A new Zepto user reported a large move-in purchase, an unsuccessful replacement request for a pan, and a subsequent preference for another quick-commerce platform.","in the end I had to delete the app","Barrier; Workaround; Trust signal; Outcome; Platform selection",Explicit,"Deleted Zepto and stated a preference for another platform",Zepto-direct,"Direct Zepto purchase and channel-switch outcome; durable home goods are outside the starter category taxonomy",confirming,"Retained — needs human review","Category boundary case; does not prove the category was lifetime-new or dormant"
E007,S008,https://www.reddit.com/r/Fitness_India/comments/1msi6sf/is_it_safe_to_buy_protien_from_zepto/,Public community thread,Reddit,,2026-07-19,Health and wellness,First category purchase / planned,"A first-time protein buyer considered Zepto because of a lower price and sought community assurance about authenticity and safety before deciding.","This is my first time buying protein so wanted to be cautious.","Trigger; Decision criterion; Information need; Trust signal; Perceived risk; Category consideration; Workaround",Explicit,"Purchase decision not stated; comments suggested both direct-brand purchase and prior successful quick-commerce purchases",Zepto-direct,"The consideration explicitly concerns Zepto and a first category purchase; comment outcomes are mixed and unverified",mixed,"Retained — needs human review","Publication date visible only relatively; medical and personal-health comments excluded"
E008,S009,https://www.trustpilot.com/review/www.zepto.com,Consumer-review platform,Trustpilot,2026-06-26,2026-07-19,Health and wellness,Planned purchase,"A reviewer reported comparing whey protein bought from Zepto with the brand website, judging the Zepto item counterfeit, and receiving no useful support resolution.","ordered whey protein from both the brand's official website and Zepto","Decision criterion; Trust signal; Perceived risk; Workaround; Outcome",Explicit,"Complaint raised; resolution not reported",Zepto-direct,"Direct Zepto health-and-wellness purchase with an explicit comparison workaround",confirming,"Retained — needs human review","Counterfeit status is the reviewer's claim and is not independently verified; author identity omitted"
E009,S009,https://www.trustpilot.com/review/www.zepto.com,Consumer-review platform,Trustpilot,2026-06-20,2026-07-19,Fresh produce,First category purchase,"A long-term Zepto shopper described a first fruit-category purchase, dissatisfaction with product condition and support, and an intention not to order from Zepto again.","This was our first time ordering fruits","Experiment behavior; Trust signal; Perceived risk; Outcome; Habit",Explicit,"Stated they would not order from Zepto again",Zepto-direct,"Direct Zepto category-entry and stated future-use outcome",confirming,"Retained — needs human review","Named support employee omitted; one self-report cannot establish frequency or prevalence"
E010,S009,https://www.trustpilot.com/review/www.zepto.com,Consumer-review platform,Trustpilot,2026-06-19,2026-07-19,Personal care,Planned purchase,"A reviewer reported receiving a damaged face-wash package, finding the replacement unsuitable, and uninstalling Zepto because of perceived safety risk.","uninstalling the app forever ... for my safety","Perceived risk; Trust signal; Barrier; Outcome; Workaround",Explicit,"Uninstalled Zepto",Zepto-direct,"Direct Zepto personal-care purchase and explicit platform-abandonment outcome",confirming,"Retained — needs human review","Product condition is self-reported and not independently verified; author identity omitted"
